method	precision	mean_RE	median_RE	n_samples
Stacking-Online	0.690987	0.870005	0.937365	233
BMA	0.957082	0.632998	0.730279	233
Best-Logit	0.824034	0.979442	0.996509	233
