method	precision	mean_abs_err	median_abs_err	n_samples
Stacking-Online	0.64557	0.320999	0.285227	237
BMA	0.451477	0.500909	0.559753	237
Best-Logit	0.447257	0.504077	0.549724	237
