method	precision	mean_abs_err	median_abs_err	n_samples
Stacking-Online	0.970464	0.048152	0.021417	237
BMA	0.924051	0.175215	0.127286	237
Best-Logit	0.936709	0.186074	0.139405	237
