method	precision	mean_abs_err	median_abs_err	n_samples
Stacking-Online	0.991561	0.10133	0.079776	237
BMA	0.974684	0.23212	0.239222	237
Best-Logit	0.987342	0.228974	0.241992	237
