method	precision	recall	F1	brier
Stacking-Online	0.624113	0.494382	0.551724	0.204044
Stacking-Offline	0.638462	0.466292	0.538961	0.207001
BMA	0.627737	0.483146	0.546032	0.207572
Best-Logit	0.622222	0.47191	0.536741	0.207808
