method	precision	recall	F1	brier
Stacking-Online	0.539185	0.661538	0.594128	0.267176
Stacking-Offline	0.492188	0.242308	0.324742	0.374586
BMA	0.489051	0.257692	0.337531	0.379946
Best-Logit	0.488889	0.253846	0.334177	0.382291
