type	model	precision	recall	F1
Stacking	Stacking	0.6376811594202898	0.55	0.5906040268456376
BMA	BMA	0.6496350364963503	0.55625	0.5993265993265994
