{
  "experiment": "Stacking v4 RQ2",
  "version": "v4",
  "changes": [
    "v2: \u903b\u8f91\u56de\u5f52\u53d8\u91cf\u5b50\u96c6\u6a21\u578b\uff08Occam window\uff09",
    "v3: \u4fee\u590doracle\u9884\u6d4b\u6570\u636e\u5f15\u7528",
    "v4: 10\u6298CV, C=0.1, \u5bf9\u6570\u51e0\u7387\u7a7a\u95f4\u7ec4\u5408"
  ],
  "timestamp": "2026-03-23 14:23:51",
  "duration": "0:55:02.556000",
  "n_samples": 302,
  "n_folds": 10,
  "n_base_models": 29,
  "meta_C": 0.1,
  "log_odds_space": true,
  "metrics": {
    "median_RE": 0.021145915626912988,
    "mean_RE": 0.026769030409951145,
    "std_RE": 0.022277171865679762,
    "success_rate": 0.7913907284768212,
    "success_count": 239,
    "total_count": 302
  },
  "baseline_BMA": {
    "median_RE": 0.0242,
    "success_rate": 0.7582
  },
  "previous_v3": {
    "median_RE": 0.0341,
    "success_rate": 0.7318
  }
}