model	precision	recall	f1	train_time
BMA	0.6496350364963503	0.55625	0.5993265993265994	0.09502696990966797
Stacking	0.6589147286821705	0.53125	0.5882352941176471	1.0229270458221436
